<?xml version="1.0" encoding="UTF-8"?>  
<beans xmlns="http://www.springframework.org/schema/beans"  
    xmlns:xsi="http://www.w3.org/2001/XMLSchema-instance"   
    xmlns:context="http://www.springframework.org/schema/context"  
    xmlns:mvc="http://www.springframework.org/schema/mvc"  
    xsi:schemaLocation="  
        http://www.springframework.org/schema/beans  
        http://www.springframework.org/schema/beans/spring-beans.xsd  
        http://www.springframework.org/schema/context  
        http://www.springframework.org/schema/context/spring-context.xsd  
        http://www.springframework.org/schema/mvc  
        http://www.springframework.org/schema/mvc/spring-mvc.xsd">  
    <!-- Provide support for component scanning -->  
    <context:component-scan base-package="com.virtusa" />  
    <!--Provide support for conversion, formatting and validation -->  
    <context:component-scan base-package="com.virtusa.exception"></context:component-scan>
    
     <mvc:annotation-driven/>  
    
  
    <!-- Define Spring MVC view resolver -->  
     <bean id="viewResolver" class="org.springframework.web.servlet.view.InternalResourceViewResolver">  
        <property name="prefix" value="/WEB-INF/"></property>  
        <property name="suffix" value=".jsp"></property> 
              
     </bean> 
     
     <bean id="localeResolver" class="org.springframework.web.servlet.i18n.SessionLocaleResolver">
     <property name="defaultLocale" value="en"/>
     </bean>
     <bean id="messageSource" class="org.springframework.context.support.ResourceBundleMessageSource">
     <property name="basename" value="messages"/>
     </bean>
     
     
      <mvc:interceptors>
     
     <bean id="localeChangeInterceptor"
     class="org.springframework.web.servlet.i18n.LocaleChangeInterceptor">
     <property name="paramName" value="lang"/>
     
     </bean>
     
     
     </mvc:interceptors> 
     <!-- <bean class="org.springfranework.web.servlet.mvc.support.ContrrolerClassNameHandlerMapping"> 
     	<property name ="interceptors">
     	
     		<list>
     			<ref bean="localeChangeInterceptor"></ref>
     		</list>
     	</property>
     </bean> -->
</beans>  