<?xml version="1.0" encoding="UTF-8"?>
<!DOCTYPE hibernate-mapping PUBLIC  
          "-//Hibernate/Hibernate Mapping DTD 5.3//EN"  
          "http://hibernate.sourceforge.net/hibernate-mapping-5.3.dtd">  
<hibernate-mapping>
 <class name="com.virtusa.otoone.Employee" table="employee">
 <id name="employeeId">
 <generator class="increment"/>
 </id>
 <property name="name"/>
 <property name="email"/>
 <one-to-one name="address" cascade="all"></one-to-one>  
 </class>


</hibernate-mapping>